
CREATE TABLE hr.cargos (
                id_cargos VARCHAR(10) NOT NULL,
                cargo VARCHAR(35) NOT NULL,
                salario_maximo NUMERIC(8,2),
                salario_minimo NUMERIC(8,2),
                CONSTRAINT id_cargos PRIMARY KEY (id_cargos),
				UNIQUE(cargo)
);


CREATE INDEX cargos_idx
 ON hr.cargos
 ( cargo );

CREATE UNIQUE INDEX cargos_idx1
 ON hr.cargos
 ( cargo );

Insert into HR.CARGOS (ID_CARGOS,CARGO,SALARIO_MAXIMO,SALARIO_MINIMO) values ('AD_PRES','President',40000,20080);
Insert into HR.CARGOS (ID_CARGOS,CARGO,SALARIO_MAXIMO,SALARIO_MINIMO) values ('AD_VP','Administration Vice President',30000,15000);
Insert into HR.CARGOS (ID_CARGOS,CARGO,SALARIO_MAXIMO,SALARIO_MINIMO) values ('AD_ASST','Administration Assistant',6000,3000);
Insert into HR.CARGOS (ID_CARGOS,CARGO,SALARIO_MAXIMO,SALARIO_MINIMO) values ('FI_MGR','Finance Manager',16000,8200);
Insert into HR.CARGOS (ID_CARGOS,CARGO,SALARIO_MAXIMO,SALARIO_MINIMO) values ('FI_ACCOUNT','Accountant',9000,4200);
Insert into HR.CARGOS (ID_CARGOS,CARGO,SALARIO_MAXIMO,SALARIO_MINIMO) values ('AC_MGR','Accounting Manager',16000,8200);
Insert into HR.CARGOS (ID_CARGOS,CARGO,SALARIO_MAXIMO,SALARIO_MINIMO) values ('AC_ACCOUNT','Public Accountant',9000,4200);
Insert into HR.CARGOS (ID_CARGOS,CARGO,SALARIO_MAXIMO,SALARIO_MINIMO) values ('SA_MAN','Sales Manager',20080,10000);
Insert into HR.CARGOS (ID_CARGOS,CARGO,SALARIO_MAXIMO,SALARIO_MINIMO) values ('SA_REP','Sales Representative',12008,6000);
Insert into HR.CARGOS (ID_CARGOS,CARGO,SALARIO_MAXIMO,SALARIO_MINIMO) values ('PU_MAN','Purchasing Manager',15000,8000);
Insert into HR.CARGOS (ID_CARGOS,CARGO,SALARIO_MAXIMO,SALARIO_MINIMO) values ('PU_CLERK','Purchasing Clerk',5500,2500);
Insert into HR.CARGOS (ID_CARGOS,CARGO,SALARIO_MAXIMO,SALARIO_MINIMO) values ('ST_MAN','Stock Manager',8500,5500);
Insert into HR.CARGOS (ID_CARGOS,CARGO,SALARIO_MAXIMO,SALARIO_MINIMO) values ('ST_CLERK','Stock Clerk',5000,2008);
Insert into HR.CARGOS (ID_CARGOS,CARGO,SALARIO_MAXIMO,SALARIO_MINIMO) values ('SH_CLERK','Shipping Clerk',5500,2500);
Insert into HR.CARGOS (ID_CARGOS,CARGO,SALARIO_MAXIMO,SALARIO_MINIMO) values ('IT_PROG','Programmer',10000,4000);
Insert into HR.CARGOS (ID_CARGOS,CARGO,SALARIO_MAXIMO,SALARIO_MINIMO) values ('MK_MAN','Marketing Manager',15000,9000);
Insert into HR.CARGOS (ID_CARGOS,CARGO,SALARIO_MAXIMO,SALARIO_MINIMO) values ('MK_REP','Marketing Representative',9000,4000);
Insert into HR.CARGOS (ID_CARGOS,CARGO,SALARIO_MAXIMO,SALARIO_MINIMO) values ('HR_REP','Human Resources Representative',9000,4000);
Insert into HR.CARGOS (ID_CARGOS,CARGO,SALARIO_MAXIMO,SALARIO_MINIMO) values ('PR_REP','Public Relations Representative',10500,4500);


CREATE TABLE hr.regios (
                id_regiao CHAR(2) NOT NULL,
                nome_regiao VARCHAR(25) NOT NULL,
                CONSTRAINT id_regiao PRIMARY KEY (id_regiao),
				UNIQUE(nome_regiao)
);
COMMENT ON TABLE hr.regios IS 'Tabela que guardara o dados dos nomes das regioes';
COMMENT ON COLUMN hr.regios.id_regiao IS 'Chave primaria da tabela regios';
COMMENT ON COLUMN hr.regios.nome_regiao IS 'Nome da regiao Ex: amererica latina';


CREATE INDEX regios_idx
 ON hr.regios
 ( nome_regiao );

CREATE UNIQUE INDEX regios_idx1
 ON hr.regios
 ( nome_regiao );

Insert into HR.REGIOS (ID_REGIAO,NOME_REGIAO) values (1,'Europe');
Insert into HR.REGIOS (ID_REGIAO,NOME_REGIAO) values (2,'Americas');
Insert into HR.REGIOS (ID_REGIAO,NOME_REGIAO) values (3,'Asia');
Insert into HR.REGIOS (ID_REGIAO,NOME_REGIAO) values (4,'Middle East and Africa');

CREATE TABLE hr.paises (
                id_pais CHAR(2) NOT NULL,
                nome_pais VARCHAR(50) NOT NULL,
                id_regiao CHAR(2) NOT NULL,
                CONSTRAINT id_pais PRIMARY KEY (id_pais),
				UNIQUE(nome_pais)
);
COMMENT ON COLUMN hr.paises.id_pais IS 'Chave primaria da tabale paises';
COMMENT ON COLUMN hr.paises.nome_pais IS 'Nome do pais Ex: Brasil';
COMMENT ON COLUMN hr.paises.id_regiao IS 'Chave estrangeira para a tabela regioes';


CREATE UNIQUE INDEX paises_idx
 ON hr.paises
 ( nome_pais );

Insert into HR.PAISES (ID_PAIS,NOME_PAIS,ID_REGIAO) values ('AR','Argentina',2);
Insert into HR.PAISES (ID_PAIS,NOME_PAIS,ID_REGIAO) values ('AU','Australia',3);
Insert into HR.PAISES (ID_PAIS,NOME_PAIS,ID_REGIAO) values ('BE','Belgium',1);
Insert into HR.PAISES (ID_PAIS,NOME_PAIS,ID_REGIAO) values ('BR','Brazil',2);
Insert into HR.PAISES (ID_PAIS,NOME_PAIS,ID_REGIAO) values ('CA','Canada',2);
Insert into HR.PAISES (ID_PAIS,NOME_PAIS,ID_REGIAO) values ('CH','Switzerland',1);
Insert into HR.PAISES (ID_PAIS,NOME_PAIS,ID_REGIAO) values ('CN','China',3);
Insert into HR.PAISES (ID_PAIS,NOME_PAIS,ID_REGIAO) values ('DE','Germany',1);
Insert into HR.PAISES (ID_PAIS,NOME_PAIS,ID_REGIAO) values ('DK','Denmark',1);
Insert into HR.PAISES (ID_PAIS,NOME_PAIS,ID_REGIAO) values ('EG','Egypt',4);
Insert into HR.PAISES (ID_PAIS,NOME_PAIS,ID_REGIAO) values ('FR','France',1);
Insert into HR.PAISES (ID_PAIS,NOME_PAIS,ID_REGIAO) values ('IL','Israel',4);
Insert into HR.PAISES (ID_PAIS,NOME_PAIS,ID_REGIAO) values ('IN','India',3);
Insert into HR.PAISES (ID_PAIS,NOME_PAIS,ID_REGIAO) values ('IT','Italy',1);
Insert into HR.PAISES (ID_PAIS,NOME_PAIS,ID_REGIAO) values ('JP','Japan',3);
Insert into HR.PAISES (ID_PAIS,NOME_PAIS,ID_REGIAO) values ('KW','Kuwait',4);
Insert into HR.PAISES (ID_PAIS,NOME_PAIS,ID_REGIAO) values ('ML','Malaysia',3);
Insert into HR.PAISES (ID_PAIS,NOME_PAIS,ID_REGIAO) values ('MX','Mexico',2);
Insert into HR.PAISES (ID_PAIS,NOME_PAIS,ID_REGIAO) values ('NG','Nigeria',4);
Insert into HR.PAISES (ID_PAIS,NOME_PAIS,ID_REGIAO) values ('NL','Netherlands',1);
Insert into HR.PAISES (ID_PAIS,NOME_PAIS,ID_REGIAO) values ('SG','Singapore',3);
Insert into HR.PAISES (ID_PAIS,NOME_PAIS,ID_REGIAO) values ('UK','United Kingdom',1);
Insert into HR.PAISES (ID_PAIS,NOME_PAIS,ID_REGIAO) values ('US','United States of America',2);
Insert into HR.PAISES (ID_PAIS,NOME_PAIS,ID_REGIAO) values ('ZM','Zambia',4);
Insert into HR.PAISES (ID_PAIS,NOME_PAIS,ID_REGIAO) values ('ZW','Zimbabwe',4);


CREATE TABLE hr.localizacao (
                id_localizacao INTEGER NOT NULL,
                endereco VARCHAR(50),
                cep VARCHAR(12),
                cidade VARCHAR(50) NOT NULL,
                uf VARCHAR(25),
                id_pais CHAR(2) NOT NULL,
                CONSTRAINT id_localizacao PRIMARY KEY (id_localizacao)
);
COMMENT ON COLUMN hr.localizacao.id_localizacao IS 'Chave primaria da tabela Localização';
COMMENT ON COLUMN hr.localizacao.endereco IS 'Campo de endereço Ex: nome da rua';
COMMENT ON COLUMN hr.localizacao.cep IS 'Cep postal do endereço';
COMMENT ON COLUMN hr.localizacao.cidade IS 'Cidade no qual aquele endereço se encontra';
COMMENT ON COLUMN hr.localizacao.uf IS 'Sigla do estado em que o endereço se encontra';
COMMENT ON COLUMN hr.localizacao.id_pais IS 'Chave estrangera da tabela paises';

Insert into HR.LOCALIZACAO (ID_LOCALIZACAO,ENDERECO,CEP,CIDADE,UF,ID_PAIS) values (1000,'1297 Via Cola di Rie','00989','Roma',null,'IT');
Insert into HR.LOCALIZACAO (ID_LOCALIZACAO,ENDERECO,CEP,CIDADE,UF,ID_PAIS) values (1100,'93091 Calle della Testa','10934','Venice',null,'IT');
Insert into HR.LOCALIZACAO (ID_LOCALIZACAO,ENDERECO,CEP,CIDADE,UF,ID_PAIS) values (1200,'2017 Shinjuku-ku','1689','Tokyo','Tokyo Prefecture','JP');
Insert into HR.LOCALIZACAO (ID_LOCALIZACAO,ENDERECO,CEP,CIDADE,UF,ID_PAIS) values (1300,'9450 Kamiya-cho','6823','Hiroshima',null,'JP');
Insert into HR.LOCALIZACAO (ID_LOCALIZACAO,ENDERECO,CEP,CIDADE,UF,ID_PAIS) values (1400,'2014 Jabberwocky Rd','26192','Southlake','Texas','US');
Insert into HR.LOCALIZACAO (ID_LOCALIZACAO,ENDERECO,CEP,CIDADE,UF,ID_PAIS) values (1500,'2011 Interiors Blvd','99236','South San Francisco','California','US');
Insert into HR.LOCALIZACAO (ID_LOCALIZACAO,ENDERECO,CEP,CIDADE,UF,ID_PAIS) values (1600,'2007 Zagora St','50090','South Brunswick','New Jersey','US');
Insert into HR.LOCALIZACAO (ID_LOCALIZACAO,ENDERECO,CEP,CIDADE,UF,ID_PAIS) values (1700,'2004 Charade Rd','98199','Seattle','Washington','US');
Insert into HR.LOCALIZACAO (ID_LOCALIZACAO,ENDERECO,CEP,CIDADE,UF,ID_PAIS) values (1800,'147 Spadina Ave','M5V 2L7','Toronto','Ontario','CA');
Insert into HR.LOCALIZACAO (ID_LOCALIZACAO,ENDERECO,CEP,CIDADE,UF,ID_PAIS) values (1900,'6092 Boxwood St','YSW 9T2','Whitehorse','Yukon','CA');
Insert into HR.LOCALIZACAO (ID_LOCALIZACAO,ENDERECO,CEP,CIDADE,UF,ID_PAIS) values (2000,'40-5-12 Laogianggen','190518','Beijing',null,'CN');
Insert into HR.LOCALIZACAO (ID_LOCALIZACAO,ENDERECO,CEP,CIDADE,UF,ID_PAIS) values (2100,'1298 Vileparle (E)','490231','Bombay','Maharashtra','IN');
Insert into HR.LOCALIZACAO (ID_LOCALIZACAO,ENDERECO,CEP,CIDADE,UF,ID_PAIS) values (2200,'12-98 Victoria Street','2901','Sydney','New South Wales','AU');
Insert into HR.LOCALIZACAO (ID_LOCALIZACAO,ENDERECO,CEP,CIDADE,UF,ID_PAIS) values (2300,'198 Clementi North','540198','Singapore',null,'SG');
Insert into HR.LOCALIZACAO (ID_LOCALIZACAO,ENDERECO,CEP,CIDADE,UF,ID_PAIS) values (2400,'8204 Arthur St',null,'London',null,'UK');
Insert into HR.LOCALIZACAO (ID_LOCALIZACAO,ENDERECO,CEP,CIDADE,UF,ID_PAIS) values (2500,'Magdalen Centre, The Oxford Science Park','OX9 9ZB','Oxford','Oxford','UK');
Insert into HR.LOCALIZACAO (ID_LOCALIZACAO,ENDERECO,CEP,CIDADE,UF,ID_PAIS) values (2600,'9702 Chester Road','09629850293','Stretford','Manchester','UK');
Insert into HR.LOCALIZACAO (ID_LOCALIZACAO,ENDERECO,CEP,CIDADE,UF,ID_PAIS) values (2700,'Schwanthalerstr. 7031','80925','Munich','Bavaria','DE');
Insert into HR.LOCALIZACAO (ID_LOCALIZACAO,ENDERECO,CEP,CIDADE,UF,ID_PAIS) values (2800,'Rua Frei Caneca 1360 ','01307-002','Sao Paulo','Sao Paulo','BR');
Insert into HR.LOCALIZACAO (ID_LOCALIZACAO,ENDERECO,CEP,CIDADE,UF,ID_PAIS) values (2900,'20 Rue des Corps-Saints','1730','Geneva','Geneve','CH');
Insert into HR.LOCALIZACAO (ID_LOCALIZACAO,ENDERECO,CEP,CIDADE,UF,ID_PAIS) values (3000,'Murtenstrasse 921','3095','Bern','BE','CH');
Insert into HR.LOCALIZACAO (ID_LOCALIZACAO,ENDERECO,CEP,CIDADE,UF,ID_PAIS) values (3100,'Pieter Breughelstraat 837','3029SK','Utrecht','Utrecht','NL');
Insert into HR.LOCALIZACAO (ID_LOCALIZACAO,ENDERECO,CEP,CIDADE,UF,ID_PAIS) values (3200,'Mariano Escobedo 9991','11932','Mexico City','Distrito Federal,','MX');



CREATE TABLE hr.departamentos (
                id_departamentos INTEGER NOT NULL,
                nome_departamento VARCHAR(30) NOT NULL,
                id_localizacao INTEGER NOT NULL,
                id_surpevisor INTEGER NOT NULL,
                CONSTRAINT id_departamentos PRIMARY KEY (id_departamentos),
				UNIQUE(nome_departamento)
);
COMMENT ON COLUMN hr.departamentos.id_departamentos IS 'Chave primaria da tabela departamentos';
COMMENT ON COLUMN hr.departamentos.nome_departamento IS 'Nome do departamento';
COMMENT ON COLUMN hr.departamentos.id_localizacao IS 'chave estrangera da tabela localicao';
COMMENT ON COLUMN hr.departamentos.id_surpevisor IS 'Chave primaria da tabela empregados';


CREATE UNIQUE INDEX departamentos_idx
 ON hr.departamentos
 ( nome_departamento );

Insert into HR.DEPARTAMENTOS (ID_DEPARTAMENTOS,NOME_DEPARTAMENTO,ID_LOCALIZACAO,ID_SURPEVISOR) values (10,'Administration',1700,200);
Insert into HR.DEPARTAMENTOS (ID_DEPARTAMENTOS,NOME_DEPARTAMENTO,ID_LOCALIZACAO,ID_SURPEVISOR) values (20,'Marketing',1800,201);
Insert into HR.DEPARTAMENTOS (ID_DEPARTAMENTOS,NOME_DEPARTAMENTO,ID_LOCALIZACAO,ID_SURPEVISOR) values (30,'Purchasing',1700,114);
Insert into HR.DEPARTAMENTOS (ID_DEPARTAMENTOS,NOME_DEPARTAMENTO,ID_LOCALIZACAO,ID_SURPEVISOR) values (40,'Human Resources',2400,203);
Insert into HR.DEPARTAMENTOS (ID_DEPARTAMENTOS,NOME_DEPARTAMENTO,ID_LOCALIZACAO,ID_SURPEVISOR) values (50,'Shipping',1500,121);
Insert into HR.DEPARTAMENTOS (ID_DEPARTAMENTOS,NOME_DEPARTAMENTO,ID_LOCALIZACAO,ID_SURPEVISOR) values (60,'IT',1400,103);
Insert into HR.DEPARTAMENTOS (ID_DEPARTAMENTOS,NOME_DEPARTAMENTO,ID_LOCALIZACAO,ID_SURPEVISOR) values (70,'Public Relations',2700,204);
Insert into HR.DEPARTAMENTOS (ID_DEPARTAMENTOS,NOME_DEPARTAMENTO,ID_LOCALIZACAO,ID_SURPEVISOR) values (80,'Sales',2500,145);
Insert into HR.DEPARTAMENTOS (ID_DEPARTAMENTOS,NOME_DEPARTAMENTO,ID_LOCALIZACAO,ID_SURPEVISOR) values (90,'Executive',1700,100);
Insert into HR.DEPARTAMENTOS (ID_DEPARTAMENTOS,NOME_DEPARTAMENTO,ID_LOCALIZACAO,ID_SURPEVISOR) values (100,'Finance',1700,108);
Insert into HR.DEPARTAMENTOS (ID_DEPARTAMENTOS,NOME_DEPARTAMENTO,ID_LOCALIZACAO,ID_SURPEVISOR) values (110,'Accounting',1700,205);
Insert into HR.DEPARTAMENTOS (ID_DEPARTAMENTOS,NOME_DEPARTAMENTO,ID_LOCALIZACAO,ID_SURPEVISOR) values (120,'Treasury',1700,null);
Insert into HR.DEPARTAMENTOS (ID_DEPARTAMENTOS,NOME_DEPARTAMENTO,ID_LOCALIZACAO,ID_SURPEVISOR) values (130,'Corporate Tax',1700,null);
Insert into HR.DEPARTAMENTOS (ID_DEPARTAMENTOS,NOME_DEPARTAMENTO,ID_LOCALIZACAO,ID_SURPEVISOR) values (140,'Control And Credit',1700,null);
Insert into HR.DEPARTAMENTOS (ID_DEPARTAMENTOS,NOME_DEPARTAMENTO,ID_LOCALIZACAO,ID_SURPEVISOR) values (150,'Shareholder Services',1700,null);
Insert into HR.DEPARTAMENTOS (ID_DEPARTAMENTOS,NOME_DEPARTAMENTO,ID_LOCALIZACAO,ID_SURPEVISOR) values (160,'Benefits',1700,null);
Insert into HR.DEPARTAMENTOS (ID_DEPARTAMENTOS,NOME_DEPARTAMENTO,ID_LOCALIZACAO,ID_SURPEVISOR) values (170,'Manufacturing',1700,null);
Insert into HR.DEPARTAMENTOS (ID_DEPARTAMENTOS,NOME_DEPARTAMENTO,ID_LOCALIZACAO,ID_SURPEVISOR) values (180,'Construction',1700,null);
Insert into HR.DEPARTAMENTOS (ID_DEPARTAMENTOS,NOME_DEPARTAMENTO,ID_LOCALIZACAO,ID_SURPEVISOR) values (190,'Contracting',1700,null);
Insert into HR.DEPARTAMENTOS (ID_DEPARTAMENTOS,NOME_DEPARTAMENTO,ID_LOCALIZACAO,ID_SURPEVISOR) values (200,'Operations',1700,null);
Insert into HR.DEPARTAMENTOS (ID_DEPARTAMENTOS,NOME_DEPARTAMENTO,ID_LOCALIZACAO,ID_SURPEVISOR) values (210,'IT Support',1700,null);
Insert into HR.DEPARTAMENTOS (ID_DEPARTAMENTOS,NOME_DEPARTAMENTO,ID_LOCALIZACAO,ID_SURPEVISOR) values (220,'NOC',1700,null);
Insert into HR.DEPARTAMENTOS (ID_DEPARTAMENTOS,NOME_DEPARTAMENTO,ID_LOCALIZACAO,ID_SURPEVISOR) values (230,'IT Helpdesk',1700,null);
Insert into HR.DEPARTAMENTOS (ID_DEPARTAMENTOS,NOME_DEPARTAMENTO,ID_LOCALIZACAO,ID_SURPEVISOR) values (240,'Government Sales',1700,null);
Insert into HR.DEPARTAMENTOS (ID_DEPARTAMENTOS,NOME_DEPARTAMENTO,ID_LOCALIZACAO,ID_SURPEVISOR) values (250,'Retail Sales',1700,null);
Insert into HR.DEPARTAMENTOS (ID_DEPARTAMENTOS,NOME_DEPARTAMENTO,ID_LOCALIZACAO,ID_SURPEVISOR) values (260,'Recruiting',1700,null);
Insert into HR.DEPARTAMENTOS (ID_DEPARTAMENTOS,NOME_DEPARTAMENTO,ID_LOCALIZACAO,ID_SURPEVISOR) values (270,'Payroll',1700,null);

CREATE TABLE hr.empregados (
                id_empregados INTEGER NOT NULL,
                nome_empregado VARCHAR(75) NOT NULL,
                email VARCHAR(35) NOT NULL,
                data_contratacao DATE NOT NULL,
                salario NUMERIC(8,2),
                comissao NUMERIC(4,2),
                telefone VARCHAR(20),
                id_cargos VARCHAR(10) NOT NULL,
                id_supervisor INTEGER NOT NULL,
                id_departamentos INTEGER NOT NULL,
                CONSTRAINT id_empregados_ PRIMARY KEY (id_empregados),
				UNIQUE(nome_empregado, email)
);
COMMENT ON COLUMN hr.empregados.id_empregados IS 'Chave primaria da tabela empregados';
COMMENT ON COLUMN hr.empregados.nome_empregado IS 'Nome completo do empregado';
COMMENT ON COLUMN hr.empregados.email IS 'email do funcionario';
COMMENT ON COLUMN hr.empregados.data_contratacao IS 'Data de inicio do empregado na empresa';
COMMENT ON COLUMN hr.empregados.salario IS 'valor de salario que o funcionario recebe';
COMMENT ON COLUMN hr.empregados.comissao IS 'porcentagem da comissao do funcionario caso receba, somente o departamento de vendas e elegivel para comissao';
COMMENT ON COLUMN hr.empregados.telefone IS 'telefone de contato do funcionario';
COMMENT ON COLUMN hr.empregados.id_cargos IS 'Chave estrangera para a tabela de cargos';
COMMENT ON COLUMN hr.empregados.id_departamentos IS 'Chave primaria da tabela departamentos';


CREATE UNIQUE INDEX empregados_idx
 ON hr.empregados
 ( nome_empregado, email );

Insert into HR.EMPREGADOS (ID_EMPREGADOS,NOME_EMPREGADO,EMAIL,DATA_CONTRATACAO,SALARIO,COMISSAO,TELEFONE,ID_CARGOS,ID_SUPERVISOR,ID_DEPARTAMENTOS) values (100,'StevenKing','SKING',to_date('17-JUN-03','DD-MON-RR'),24000,null,'515.123.4567','AD_PRES',null,90);
Insert into HR.EMPREGADOS (ID_EMPREGADOS,NOME_EMPREGADO,EMAIL,DATA_CONTRATACAO,SALARIO,COMISSAO,TELEFONE,ID_CARGOS,ID_SUPERVISOR,ID_DEPARTAMENTOS) values (101,'NeenaKochhar','NKOCHHAR',to_date('21-SEP-05','DD-MON-RR'),17000,null,'515.123.4568','AD_VP',100,90);
Insert into HR.EMPREGADOS (ID_EMPREGADOS,NOME_EMPREGADO,EMAIL,DATA_CONTRATACAO,SALARIO,COMISSAO,TELEFONE,ID_CARGOS,ID_SUPERVISOR,ID_DEPARTAMENTOS) values (102,'LexDe Haan','LDEHAAN',to_date('13-JAN-01','DD-MON-RR'),17000,null,'515.123.4569','AD_VP',100,90);
Insert into HR.EMPREGADOS (ID_EMPREGADOS,NOME_EMPREGADO,EMAIL,DATA_CONTRATACAO,SALARIO,COMISSAO,TELEFONE,ID_CARGOS,ID_SUPERVISOR,ID_DEPARTAMENTOS) values (103,'AlexanderHunold','AHUNOLD',to_date('03-JAN-06','DD-MON-RR'),9000,null,'590.423.4567','IT_PROG',102,60);
Insert into HR.EMPREGADOS (ID_EMPREGADOS,NOME_EMPREGADO,EMAIL,DATA_CONTRATACAO,SALARIO,COMISSAO,TELEFONE,ID_CARGOS,ID_SUPERVISOR,ID_DEPARTAMENTOS) values (104,'BruceErnst','BERNST',to_date('21-MAY-07','DD-MON-RR'),6000,null,'590.423.4568','IT_PROG',103,60);
Insert into HR.EMPREGADOS (ID_EMPREGADOS,NOME_EMPREGADO,EMAIL,DATA_CONTRATACAO,SALARIO,COMISSAO,TELEFONE,ID_CARGOS,ID_SUPERVISOR,ID_DEPARTAMENTOS) values (105,'DavidAustin','DAUSTIN',to_date('25-JUN-05','DD-MON-RR'),4800,null,'590.423.4569','IT_PROG',103,60);
Insert into HR.EMPREGADOS (ID_EMPREGADOS,NOME_EMPREGADO,EMAIL,DATA_CONTRATACAO,SALARIO,COMISSAO,TELEFONE,ID_CARGOS,ID_SUPERVISOR,ID_DEPARTAMENTOS) values (106,'ValliPataballa','VPATABAL',to_date('05-FEB-06','DD-MON-RR'),4800,null,'590.423.4560','IT_PROG',103,60);
Insert into HR.EMPREGADOS (ID_EMPREGADOS,NOME_EMPREGADO,EMAIL,DATA_CONTRATACAO,SALARIO,COMISSAO,TELEFONE,ID_CARGOS,ID_SUPERVISOR,ID_DEPARTAMENTOS) values (107,'DianaLorentz','DLORENTZ',to_date('07-FEB-07','DD-MON-RR'),4200,null,'590.423.5567','IT_PROG',103,60);
Insert into HR.EMPREGADOS (ID_EMPREGADOS,NOME_EMPREGADO,EMAIL,DATA_CONTRATACAO,SALARIO,COMISSAO,TELEFONE,ID_CARGOS,ID_SUPERVISOR,ID_DEPARTAMENTOS) values (108,'NancyGreenberg','NGREENBE',to_date('17-AUG-02','DD-MON-RR'),12008,null,'515.124.4569','FI_MGR',101,100);
Insert into HR.EMPREGADOS (ID_EMPREGADOS,NOME_EMPREGADO,EMAIL,DATA_CONTRATACAO,SALARIO,COMISSAO,TELEFONE,ID_CARGOS,ID_SUPERVISOR,ID_DEPARTAMENTOS) values (109,'DanielFaviet','DFAVIET',to_date('16-AUG-02','DD-MON-RR'),9000,null,'515.124.4169','FI_ACCOUNT',108,100);
Insert into HR.EMPREGADOS (ID_EMPREGADOS,NOME_EMPREGADO,EMAIL,DATA_CONTRATACAO,SALARIO,COMISSAO,TELEFONE,ID_CARGOS,ID_SUPERVISOR,ID_DEPARTAMENTOS) values (110,'JohnChen','JCHEN',to_date('28-SEP-05','DD-MON-RR'),8200,null,'515.124.4269','FI_ACCOUNT',108,100);
Insert into HR.EMPREGADOS (ID_EMPREGADOS,NOME_EMPREGADO,EMAIL,DATA_CONTRATACAO,SALARIO,COMISSAO,TELEFONE,ID_CARGOS,ID_SUPERVISOR,ID_DEPARTAMENTOS) values (111,'IsmaelSciarra','ISCIARRA',to_date('30-SEP-05','DD-MON-RR'),7700,null,'515.124.4369','FI_ACCOUNT',108,100);
Insert into HR.EMPREGADOS (ID_EMPREGADOS,NOME_EMPREGADO,EMAIL,DATA_CONTRATACAO,SALARIO,COMISSAO,TELEFONE,ID_CARGOS,ID_SUPERVISOR,ID_DEPARTAMENTOS) values (112,'Jose ManuelUrman','JMURMAN',to_date('07-MAR-06','DD-MON-RR'),7800,null,'515.124.4469','FI_ACCOUNT',108,100);
Insert into HR.EMPREGADOS (ID_EMPREGADOS,NOME_EMPREGADO,EMAIL,DATA_CONTRATACAO,SALARIO,COMISSAO,TELEFONE,ID_CARGOS,ID_SUPERVISOR,ID_DEPARTAMENTOS) values (113,'LuisPopp','LPOPP',to_date('07-DEC-07','DD-MON-RR'),6900,null,'515.124.4567','FI_ACCOUNT',108,100);
Insert into HR.EMPREGADOS (ID_EMPREGADOS,NOME_EMPREGADO,EMAIL,DATA_CONTRATACAO,SALARIO,COMISSAO,TELEFONE,ID_CARGOS,ID_SUPERVISOR,ID_DEPARTAMENTOS) values (114,'DenRaphaely','DRAPHEAL',to_date('07-DEC-02','DD-MON-RR'),11000,null,'515.127.4561','PU_MAN',100,30);
Insert into HR.EMPREGADOS (ID_EMPREGADOS,NOME_EMPREGADO,EMAIL,DATA_CONTRATACAO,SALARIO,COMISSAO,TELEFONE,ID_CARGOS,ID_SUPERVISOR,ID_DEPARTAMENTOS) values (115,'AlexanderKhoo','AKHOO',to_date('18-MAY-03','DD-MON-RR'),3100,null,'515.127.4562','PU_CLERK',114,30);
Insert into HR.EMPREGADOS (ID_EMPREGADOS,NOME_EMPREGADO,EMAIL,DATA_CONTRATACAO,SALARIO,COMISSAO,TELEFONE,ID_CARGOS,ID_SUPERVISOR,ID_DEPARTAMENTOS) values (116,'ShelliBaida','SBAIDA',to_date('24-DEC-05','DD-MON-RR'),2900,null,'515.127.4563','PU_CLERK',114,30);
Insert into HR.EMPREGADOS (ID_EMPREGADOS,NOME_EMPREGADO,EMAIL,DATA_CONTRATACAO,SALARIO,COMISSAO,TELEFONE,ID_CARGOS,ID_SUPERVISOR,ID_DEPARTAMENTOS) values (117,'SigalTobias','STOBIAS',to_date('24-JUL-05','DD-MON-RR'),2800,null,'515.127.4564','PU_CLERK',114,30);
Insert into HR.EMPREGADOS (ID_EMPREGADOS,NOME_EMPREGADO,EMAIL,DATA_CONTRATACAO,SALARIO,COMISSAO,TELEFONE,ID_CARGOS,ID_SUPERVISOR,ID_DEPARTAMENTOS) values (118,'GuyHimuro','GHIMURO',to_date('15-NOV-06','DD-MON-RR'),2600,null,'515.127.4565','PU_CLERK',114,30);
Insert into HR.EMPREGADOS (ID_EMPREGADOS,NOME_EMPREGADO,EMAIL,DATA_CONTRATACAO,SALARIO,COMISSAO,TELEFONE,ID_CARGOS,ID_SUPERVISOR,ID_DEPARTAMENTOS) values (119,'KarenColmenares','KCOLMENA',to_date('10-AUG-07','DD-MON-RR'),2500,null,'515.127.4566','PU_CLERK',114,30);
Insert into HR.EMPREGADOS (ID_EMPREGADOS,NOME_EMPREGADO,EMAIL,DATA_CONTRATACAO,SALARIO,COMISSAO,TELEFONE,ID_CARGOS,ID_SUPERVISOR,ID_DEPARTAMENTOS) values (120,'MatthewWeiss','MWEISS',to_date('18-JUL-04','DD-MON-RR'),8000,null,'650.123.1234','ST_MAN',100,50);
Insert into HR.EMPREGADOS (ID_EMPREGADOS,NOME_EMPREGADO,EMAIL,DATA_CONTRATACAO,SALARIO,COMISSAO,TELEFONE,ID_CARGOS,ID_SUPERVISOR,ID_DEPARTAMENTOS) values (121,'AdamFripp','AFRIPP',to_date('10-APR-05','DD-MON-RR'),8200,null,'650.123.2234','ST_MAN',100,50);
Insert into HR.EMPREGADOS (ID_EMPREGADOS,NOME_EMPREGADO,EMAIL,DATA_CONTRATACAO,SALARIO,COMISSAO,TELEFONE,ID_CARGOS,ID_SUPERVISOR,ID_DEPARTAMENTOS) values (122,'PayamKaufling','PKAUFLIN',to_date('01-MAY-03','DD-MON-RR'),7900,null,'650.123.3234','ST_MAN',100,50);
Insert into HR.EMPREGADOS (ID_EMPREGADOS,NOME_EMPREGADO,EMAIL,DATA_CONTRATACAO,SALARIO,COMISSAO,TELEFONE,ID_CARGOS,ID_SUPERVISOR,ID_DEPARTAMENTOS) values (123,'ShantaVollman','SVOLLMAN',to_date('10-OCT-05','DD-MON-RR'),6500,null,'650.123.4234','ST_MAN',100,50);
Insert into HR.EMPREGADOS (ID_EMPREGADOS,NOME_EMPREGADO,EMAIL,DATA_CONTRATACAO,SALARIO,COMISSAO,TELEFONE,ID_CARGOS,ID_SUPERVISOR,ID_DEPARTAMENTOS) values (124,'KevinMourgos','KMOURGOS',to_date('16-NOV-07','DD-MON-RR'),5800,null,'650.123.5234','ST_MAN',100,50);
Insert into HR.EMPREGADOS (ID_EMPREGADOS,NOME_EMPREGADO,EMAIL,DATA_CONTRATACAO,SALARIO,COMISSAO,TELEFONE,ID_CARGOS,ID_SUPERVISOR,ID_DEPARTAMENTOS) values (125,'JuliaNayer','JNAYER',to_date('16-JUL-05','DD-MON-RR'),3200,null,'650.124.1214','ST_CLERK',120,50);
Insert into HR.EMPREGADOS (ID_EMPREGADOS,NOME_EMPREGADO,EMAIL,DATA_CONTRATACAO,SALARIO,COMISSAO,TELEFONE,ID_CARGOS,ID_SUPERVISOR,ID_DEPARTAMENTOS) values (126,'IreneMikkilineni','IMIKKILI',to_date('28-SEP-06','DD-MON-RR'),2700,null,'650.124.1224','ST_CLERK',120,50);
Insert into HR.EMPREGADOS (ID_EMPREGADOS,NOME_EMPREGADO,EMAIL,DATA_CONTRATACAO,SALARIO,COMISSAO,TELEFONE,ID_CARGOS,ID_SUPERVISOR,ID_DEPARTAMENTOS) values (127,'JamesLandry','JLANDRY',to_date('14-JAN-07','DD-MON-RR'),2400,null,'650.124.1334','ST_CLERK',120,50);
Insert into HR.EMPREGADOS (ID_EMPREGADOS,NOME_EMPREGADO,EMAIL,DATA_CONTRATACAO,SALARIO,COMISSAO,TELEFONE,ID_CARGOS,ID_SUPERVISOR,ID_DEPARTAMENTOS) values (128,'StevenMarkle','SMARKLE',to_date('08-MAR-08','DD-MON-RR'),2200,null,'650.124.1434','ST_CLERK',120,50);
Insert into HR.EMPREGADOS (ID_EMPREGADOS,NOME_EMPREGADO,EMAIL,DATA_CONTRATACAO,SALARIO,COMISSAO,TELEFONE,ID_CARGOS,ID_SUPERVISOR,ID_DEPARTAMENTOS) values (129,'LauraBissot','LBISSOT',to_date('20-AUG-05','DD-MON-RR'),3300,null,'650.124.5234','ST_CLERK',121,50);
Insert into HR.EMPREGADOS (ID_EMPREGADOS,NOME_EMPREGADO,EMAIL,DATA_CONTRATACAO,SALARIO,COMISSAO,TELEFONE,ID_CARGOS,ID_SUPERVISOR,ID_DEPARTAMENTOS) values (130,'MozheAtkinson','MATKINSO',to_date('30-OCT-05','DD-MON-RR'),2800,null,'650.124.6234','ST_CLERK',121,50);
Insert into HR.EMPREGADOS (ID_EMPREGADOS,NOME_EMPREGADO,EMAIL,DATA_CONTRATACAO,SALARIO,COMISSAO,TELEFONE,ID_CARGOS,ID_SUPERVISOR,ID_DEPARTAMENTOS) values (131,'JamesMarlow','JAMRLOW',to_date('16-FEB-05','DD-MON-RR'),2500,null,'650.124.7234','ST_CLERK',121,50);
Insert into HR.EMPREGADOS (ID_EMPREGADOS,NOME_EMPREGADO,EMAIL,DATA_CONTRATACAO,SALARIO,COMISSAO,TELEFONE,ID_CARGOS,ID_SUPERVISOR,ID_DEPARTAMENTOS) values (132,'TJOlson','TJOLSON',to_date('10-APR-07','DD-MON-RR'),2100,null,'650.124.8234','ST_CLERK',121,50);
Insert into HR.EMPREGADOS (ID_EMPREGADOS,NOME_EMPREGADO,EMAIL,DATA_CONTRATACAO,SALARIO,COMISSAO,TELEFONE,ID_CARGOS,ID_SUPERVISOR,ID_DEPARTAMENTOS) values (133,'JasonMallin','JMALLIN',to_date('14-JUN-04','DD-MON-RR'),3300,null,'650.127.1934','ST_CLERK',122,50);
Insert into HR.EMPREGADOS (ID_EMPREGADOS,NOME_EMPREGADO,EMAIL,DATA_CONTRATACAO,SALARIO,COMISSAO,TELEFONE,ID_CARGOS,ID_SUPERVISOR,ID_DEPARTAMENTOS) values (134,'MichaelRogers','MROGERS',to_date('26-AUG-06','DD-MON-RR'),2900,null,'650.127.1834','ST_CLERK',122,50);
Insert into HR.EMPREGADOS (ID_EMPREGADOS,NOME_EMPREGADO,EMAIL,DATA_CONTRATACAO,SALARIO,COMISSAO,TELEFONE,ID_CARGOS,ID_SUPERVISOR,ID_DEPARTAMENTOS) values (135,'KiGee','KGEE',to_date('12-DEC-07','DD-MON-RR'),2400,null,'650.127.1734','ST_CLERK',122,50);
Insert into HR.EMPREGADOS (ID_EMPREGADOS,NOME_EMPREGADO,EMAIL,DATA_CONTRATACAO,SALARIO,COMISSAO,TELEFONE,ID_CARGOS,ID_SUPERVISOR,ID_DEPARTAMENTOS) values (136,'HazelPhiltanker','HPHILTAN',to_date('06-FEB-08','DD-MON-RR'),2200,null,'650.127.1634','ST_CLERK',122,50);
Insert into HR.EMPREGADOS (ID_EMPREGADOS,NOME_EMPREGADO,EMAIL,DATA_CONTRATACAO,SALARIO,COMISSAO,TELEFONE,ID_CARGOS,ID_SUPERVISOR,ID_DEPARTAMENTOS) values (137,'RenskeLadwig','RLADWIG',to_date('14-JUL-03','DD-MON-RR'),3600,null,'650.121.1234','ST_CLERK',123,50);
Insert into HR.EMPREGADOS (ID_EMPREGADOS,NOME_EMPREGADO,EMAIL,DATA_CONTRATACAO,SALARIO,COMISSAO,TELEFONE,ID_CARGOS,ID_SUPERVISOR,ID_DEPARTAMENTOS) values (138,'StephenStiles','SSTILES',to_date('26-OCT-05','DD-MON-RR'),3200,null,'650.121.2034','ST_CLERK',123,50);
Insert into HR.EMPREGADOS (ID_EMPREGADOS,NOME_EMPREGADO,EMAIL,DATA_CONTRATACAO,SALARIO,COMISSAO,TELEFONE,ID_CARGOS,ID_SUPERVISOR,ID_DEPARTAMENTOS) values (139,'JohnSeo','JSEO',to_date('12-FEB-06','DD-MON-RR'),2700,null,'650.121.2019','ST_CLERK',123,50);
Insert into HR.EMPREGADOS (ID_EMPREGADOS,NOME_EMPREGADO,EMAIL,DATA_CONTRATACAO,SALARIO,COMISSAO,TELEFONE,ID_CARGOS,ID_SUPERVISOR,ID_DEPARTAMENTOS) values (140,'JoshuaPatel','JPATEL',to_date('06-APR-06','DD-MON-RR'),2500,null,'650.121.1834','ST_CLERK',123,50);
Insert into HR.EMPREGADOS (ID_EMPREGADOS,NOME_EMPREGADO,EMAIL,DATA_CONTRATACAO,SALARIO,COMISSAO,TELEFONE,ID_CARGOS,ID_SUPERVISOR,ID_DEPARTAMENTOS) values (141,'TrennaRajs','TRAJS',to_date('17-OCT-03','DD-MON-RR'),3500,null,'650.121.8009','ST_CLERK',124,50);
Insert into HR.EMPREGADOS (ID_EMPREGADOS,NOME_EMPREGADO,EMAIL,DATA_CONTRATACAO,SALARIO,COMISSAO,TELEFONE,ID_CARGOS,ID_SUPERVISOR,ID_DEPARTAMENTOS) values (142,'CurtisDavies','CDAVIES',to_date('29-JAN-05','DD-MON-RR'),3100,null,'650.121.2994','ST_CLERK',124,50);
Insert into HR.EMPREGADOS (ID_EMPREGADOS,NOME_EMPREGADO,EMAIL,DATA_CONTRATACAO,SALARIO,COMISSAO,TELEFONE,ID_CARGOS,ID_SUPERVISOR,ID_DEPARTAMENTOS) values (143,'RandallMatos','RMATOS',to_date('15-MAR-06','DD-MON-RR'),2600,null,'650.121.2874','ST_CLERK',124,50);
Insert into HR.EMPREGADOS (ID_EMPREGADOS,NOME_EMPREGADO,EMAIL,DATA_CONTRATACAO,SALARIO,COMISSAO,TELEFONE,ID_CARGOS,ID_SUPERVISOR,ID_DEPARTAMENTOS) values (144,'PeterVargas','PVARGAS',to_date('09-JUL-06','DD-MON-RR'),2500,null,'650.121.2004','ST_CLERK',124,50);
Insert into HR.EMPREGADOS (ID_EMPREGADOS,NOME_EMPREGADO,EMAIL,DATA_CONTRATACAO,SALARIO,COMISSAO,TELEFONE,ID_CARGOS,ID_SUPERVISOR,ID_DEPARTAMENTOS) values (145,'JohnRussell','JRUSSEL',to_date('01-OCT-04','DD-MON-RR'),14000,0.4,'011.44.1344.429268','SA_MAN',100,80);
Insert into HR.EMPREGADOS (ID_EMPREGADOS,NOME_EMPREGADO,EMAIL,DATA_CONTRATACAO,SALARIO,COMISSAO,TELEFONE,ID_CARGOS,ID_SUPERVISOR,ID_DEPARTAMENTOS) values (146,'KarenPartners','KPARTNER',to_date('05-JAN-05','DD-MON-RR'),13500,0.3,'011.44.1344.467268','SA_MAN',100,80);
Insert into HR.EMPREGADOS (ID_EMPREGADOS,NOME_EMPREGADO,EMAIL,DATA_CONTRATACAO,SALARIO,COMISSAO,TELEFONE,ID_CARGOS,ID_SUPERVISOR,ID_DEPARTAMENTOS) values (147,'AlbertoErrazuriz','AERRAZUR',to_date('10-MAR-05','DD-MON-RR'),12000,0.3,'011.44.1344.429278','SA_MAN',100,80);
Insert into HR.EMPREGADOS (ID_EMPREGADOS,NOME_EMPREGADO,EMAIL,DATA_CONTRATACAO,SALARIO,COMISSAO,TELEFONE,ID_CARGOS,ID_SUPERVISOR,ID_DEPARTAMENTOS) values (148,'GeraldCambrault','GCAMBRAU',to_date('15-OCT-07','DD-MON-RR'),11000,0.3,'011.44.1344.619268','SA_MAN',100,80);
Insert into HR.EMPREGADOS (ID_EMPREGADOS,NOME_EMPREGADO,EMAIL,DATA_CONTRATACAO,SALARIO,COMISSAO,TELEFONE,ID_CARGOS,ID_SUPERVISOR,ID_DEPARTAMENTOS) values (149,'EleniZlotkey','EZLOTKEY',to_date('29-JAN-08','DD-MON-RR'),10500,0.2,'011.44.1344.429018','SA_MAN',100,80);
Insert into HR.EMPREGADOS (ID_EMPREGADOS,NOME_EMPREGADO,EMAIL,DATA_CONTRATACAO,SALARIO,COMISSAO,TELEFONE,ID_CARGOS,ID_SUPERVISOR,ID_DEPARTAMENTOS) values (150,'PeterTucker','PTUCKER',to_date('30-JAN-05','DD-MON-RR'),10000,0.3,'011.44.1344.129268','SA_REP',145,80);
Insert into HR.EMPREGADOS (ID_EMPREGADOS,NOME_EMPREGADO,EMAIL,DATA_CONTRATACAO,SALARIO,COMISSAO,TELEFONE,ID_CARGOS,ID_SUPERVISOR,ID_DEPARTAMENTOS) values (151,'DavidBernstein','DBERNSTE',to_date('24-MAR-05','DD-MON-RR'),9500,0.25,'011.44.1344.345268','SA_REP',145,80);
Insert into HR.EMPREGADOS (ID_EMPREGADOS,NOME_EMPREGADO,EMAIL,DATA_CONTRATACAO,SALARIO,COMISSAO,TELEFONE,ID_CARGOS,ID_SUPERVISOR,ID_DEPARTAMENTOS) values (152,'PeterHall','PHALL',to_date('20-AUG-05','DD-MON-RR'),9000,0.25,'011.44.1344.478968','SA_REP',145,80);
Insert into HR.EMPREGADOS (ID_EMPREGADOS,NOME_EMPREGADO,EMAIL,DATA_CONTRATACAO,SALARIO,COMISSAO,TELEFONE,ID_CARGOS,ID_SUPERVISOR,ID_DEPARTAMENTOS) values (153,'ChristopherOlsen','COLSEN',to_date('30-MAR-06','DD-MON-RR'),8000,0.2,'011.44.1344.498718','SA_REP',145,80);
Insert into HR.EMPREGADOS (ID_EMPREGADOS,NOME_EMPREGADO,EMAIL,DATA_CONTRATACAO,SALARIO,COMISSAO,TELEFONE,ID_CARGOS,ID_SUPERVISOR,ID_DEPARTAMENTOS) values (154,'NanetteCambrault','NCAMBRAU',to_date('09-DEC-06','DD-MON-RR'),7500,0.2,'011.44.1344.987668','SA_REP',145,80);
Insert into HR.EMPREGADOS (ID_EMPREGADOS,NOME_EMPREGADO,EMAIL,DATA_CONTRATACAO,SALARIO,COMISSAO,TELEFONE,ID_CARGOS,ID_SUPERVISOR,ID_DEPARTAMENTOS) values (155,'OliverTuvault','OTUVAULT',to_date('23-NOV-07','DD-MON-RR'),7000,0.15,'011.44.1344.486508','SA_REP',145,80);
Insert into HR.EMPREGADOS (ID_EMPREGADOS,NOME_EMPREGADO,EMAIL,DATA_CONTRATACAO,SALARIO,COMISSAO,TELEFONE,ID_CARGOS,ID_SUPERVISOR,ID_DEPARTAMENTOS) values (156,'JanetteKing','JKING',to_date('30-JAN-04','DD-MON-RR'),10000,0.35,'011.44.1345.429268','SA_REP',146,80);
Insert into HR.EMPREGADOS (ID_EMPREGADOS,NOME_EMPREGADO,EMAIL,DATA_CONTRATACAO,SALARIO,COMISSAO,TELEFONE,ID_CARGOS,ID_SUPERVISOR,ID_DEPARTAMENTOS) values (157,'PatrickSully','PSULLY',to_date('04-MAR-04','DD-MON-RR'),9500,0.35,'011.44.1345.929268','SA_REP',146,80);
Insert into HR.EMPREGADOS (ID_EMPREGADOS,NOME_EMPREGADO,EMAIL,DATA_CONTRATACAO,SALARIO,COMISSAO,TELEFONE,ID_CARGOS,ID_SUPERVISOR,ID_DEPARTAMENTOS) values (158,'AllanMcEwen','AMCEWEN',to_date('01-AUG-04','DD-MON-RR'),9000,0.35,'011.44.1345.829268','SA_REP',146,80);
Insert into HR.EMPREGADOS (ID_EMPREGADOS,NOME_EMPREGADO,EMAIL,DATA_CONTRATACAO,SALARIO,COMISSAO,TELEFONE,ID_CARGOS,ID_SUPERVISOR,ID_DEPARTAMENTOS) values (159,'LindseySmith','LSMITH',to_date('10-MAR-05','DD-MON-RR'),8000,0.3,'011.44.1345.729268','SA_REP',146,80);
Insert into HR.EMPREGADOS (ID_EMPREGADOS,NOME_EMPREGADO,EMAIL,DATA_CONTRATACAO,SALARIO,COMISSAO,TELEFONE,ID_CARGOS,ID_SUPERVISOR,ID_DEPARTAMENTOS) values (160,'LouiseDoran','LDORAN',to_date('15-DEC-05','DD-MON-RR'),7500,0.3,'011.44.1345.629268','SA_REP',146,80);
Insert into HR.EMPREGADOS (ID_EMPREGADOS,NOME_EMPREGADO,EMAIL,DATA_CONTRATACAO,SALARIO,COMISSAO,TELEFONE,ID_CARGOS,ID_SUPERVISOR,ID_DEPARTAMENTOS) values (161,'SarathSewall','SSEWALL',to_date('03-NOV-06','DD-MON-RR'),7000,0.25,'011.44.1345.529268','SA_REP',146,80);
Insert into HR.EMPREGADOS (ID_EMPREGADOS,NOME_EMPREGADO,EMAIL,DATA_CONTRATACAO,SALARIO,COMISSAO,TELEFONE,ID_CARGOS,ID_SUPERVISOR,ID_DEPARTAMENTOS) values (162,'ClaraVishney','CVISHNEY',to_date('11-NOV-05','DD-MON-RR'),10500,0.25,'011.44.1346.129268','SA_REP',147,80);
Insert into HR.EMPREGADOS (ID_EMPREGADOS,NOME_EMPREGADO,EMAIL,DATA_CONTRATACAO,SALARIO,COMISSAO,TELEFONE,ID_CARGOS,ID_SUPERVISOR,ID_DEPARTAMENTOS) values (163,'DanielleGreene','DGREENE',to_date('19-MAR-07','DD-MON-RR'),9500,0.15,'011.44.1346.229268','SA_REP',147,80);
Insert into HR.EMPREGADOS (ID_EMPREGADOS,NOME_EMPREGADO,EMAIL,DATA_CONTRATACAO,SALARIO,COMISSAO,TELEFONE,ID_CARGOS,ID_SUPERVISOR,ID_DEPARTAMENTOS) values (164,'MatteaMarvins','MMARVINS',to_date('24-JAN-08','DD-MON-RR'),7200,0.1,'011.44.1346.329268','SA_REP',147,80);
Insert into HR.EMPREGADOS (ID_EMPREGADOS,NOME_EMPREGADO,EMAIL,DATA_CONTRATACAO,SALARIO,COMISSAO,TELEFONE,ID_CARGOS,ID_SUPERVISOR,ID_DEPARTAMENTOS) values (165,'DavidLee','DLEE',to_date('23-FEB-08','DD-MON-RR'),6800,0.1,'011.44.1346.529268','SA_REP',147,80);
Insert into HR.EMPREGADOS (ID_EMPREGADOS,NOME_EMPREGADO,EMAIL,DATA_CONTRATACAO,SALARIO,COMISSAO,TELEFONE,ID_CARGOS,ID_SUPERVISOR,ID_DEPARTAMENTOS) values (166,'SundarAnde','SANDE',to_date('24-MAR-08','DD-MON-RR'),6400,0.1,'011.44.1346.629268','SA_REP',147,80);
Insert into HR.EMPREGADOS (ID_EMPREGADOS,NOME_EMPREGADO,EMAIL,DATA_CONTRATACAO,SALARIO,COMISSAO,TELEFONE,ID_CARGOS,ID_SUPERVISOR,ID_DEPARTAMENTOS) values (167,'AmitBanda','ABANDA',to_date('21-APR-08','DD-MON-RR'),6200,0.1,'011.44.1346.729268','SA_REP',147,80);
Insert into HR.EMPREGADOS (ID_EMPREGADOS,NOME_EMPREGADO,EMAIL,DATA_CONTRATACAO,SALARIO,COMISSAO,TELEFONE,ID_CARGOS,ID_SUPERVISOR,ID_DEPARTAMENTOS) values (168,'LisaOzer','LOZER',to_date('11-MAR-05','DD-MON-RR'),11500,0.25,'011.44.1343.929268','SA_REP',148,80);
Insert into HR.EMPREGADOS (ID_EMPREGADOS,NOME_EMPREGADO,EMAIL,DATA_CONTRATACAO,SALARIO,COMISSAO,TELEFONE,ID_CARGOS,ID_SUPERVISOR,ID_DEPARTAMENTOS) values (169,'HarrisonBloom','HBLOOM',to_date('23-MAR-06','DD-MON-RR'),10000,0.2,'011.44.1343.829268','SA_REP',148,80);
Insert into HR.EMPREGADOS (ID_EMPREGADOS,NOME_EMPREGADO,EMAIL,DATA_CONTRATACAO,SALARIO,COMISSAO,TELEFONE,ID_CARGOS,ID_SUPERVISOR,ID_DEPARTAMENTOS) values (170,'TaylerFox','TFOX',to_date('24-JAN-06','DD-MON-RR'),9600,0.2,'011.44.1343.729268','SA_REP',148,80);
Insert into HR.EMPREGADOS (ID_EMPREGADOS,NOME_EMPREGADO,EMAIL,DATA_CONTRATACAO,SALARIO,COMISSAO,TELEFONE,ID_CARGOS,ID_SUPERVISOR,ID_DEPARTAMENTOS) values (171,'WilliamSmith','WSMITH',to_date('23-FEB-07','DD-MON-RR'),7400,0.15,'011.44.1343.629268','SA_REP',148,80);
Insert into HR.EMPREGADOS (ID_EMPREGADOS,NOME_EMPREGADO,EMAIL,DATA_CONTRATACAO,SALARIO,COMISSAO,TELEFONE,ID_CARGOS,ID_SUPERVISOR,ID_DEPARTAMENTOS) values (172,'ElizabethBates','EBATES',to_date('24-MAR-07','DD-MON-RR'),7300,0.15,'011.44.1343.529268','SA_REP',148,80);
Insert into HR.EMPREGADOS (ID_EMPREGADOS,NOME_EMPREGADO,EMAIL,DATA_CONTRATACAO,SALARIO,COMISSAO,TELEFONE,ID_CARGOS,ID_SUPERVISOR,ID_DEPARTAMENTOS) values (173,'SunditaKumar','SKUMAR',to_date('21-APR-08','DD-MON-RR'),6100,0.1,'011.44.1343.329268','SA_REP',148,80);
Insert into HR.EMPREGADOS (ID_EMPREGADOS,NOME_EMPREGADO,EMAIL,DATA_CONTRATACAO,SALARIO,COMISSAO,TELEFONE,ID_CARGOS,ID_SUPERVISOR,ID_DEPARTAMENTOS) values (174,'EllenAbel','EABEL',to_date('11-MAY-04','DD-MON-RR'),11000,0.3,'011.44.1644.429267','SA_REP',149,80);
Insert into HR.EMPREGADOS (ID_EMPREGADOS,NOME_EMPREGADO,EMAIL,DATA_CONTRATACAO,SALARIO,COMISSAO,TELEFONE,ID_CARGOS,ID_SUPERVISOR,ID_DEPARTAMENTOS) values (175,'AlyssaHutton','AHUTTON',to_date('19-MAR-05','DD-MON-RR'),8800,0.25,'011.44.1644.429266','SA_REP',149,80);
Insert into HR.EMPREGADOS (ID_EMPREGADOS,NOME_EMPREGADO,EMAIL,DATA_CONTRATACAO,SALARIO,COMISSAO,TELEFONE,ID_CARGOS,ID_SUPERVISOR,ID_DEPARTAMENTOS) values (176,'JonathonTaylor','JTAYLOR',to_date('24-MAR-06','DD-MON-RR'),8600,0.2,'011.44.1644.429265','SA_REP',149,80);
Insert into HR.EMPREGADOS (ID_EMPREGADOS,NOME_EMPREGADO,EMAIL,DATA_CONTRATACAO,SALARIO,COMISSAO,TELEFONE,ID_CARGOS,ID_SUPERVISOR,ID_DEPARTAMENTOS) values (177,'JackLivingston','JLIVINGS',to_date('23-APR-06','DD-MON-RR'),8400,0.2,'011.44.1644.429264','SA_REP',149,80);
Insert into HR.EMPREGADOS (ID_EMPREGADOS,NOME_EMPREGADO,EMAIL,DATA_CONTRATACAO,SALARIO,COMISSAO,TELEFONE,ID_CARGOS,ID_SUPERVISOR,ID_DEPARTAMENTOS) values (178,'KimberelyGrant','KGRANT',to_date('24-MAY-07','DD-MON-RR'),7000,0.15,'011.44.1644.429263','SA_REP',149,null);
Insert into HR.EMPREGADOS (ID_EMPREGADOS,NOME_EMPREGADO,EMAIL,DATA_CONTRATACAO,SALARIO,COMISSAO,TELEFONE,ID_CARGOS,ID_SUPERVISOR,ID_DEPARTAMENTOS) values (179,'CharlesJohnson','CJOHNSON',to_date('04-JAN-08','DD-MON-RR'),6200,0.1,'011.44.1644.429262','SA_REP',149,80);
Insert into HR.EMPREGADOS (ID_EMPREGADOS,NOME_EMPREGADO,EMAIL,DATA_CONTRATACAO,SALARIO,COMISSAO,TELEFONE,ID_CARGOS,ID_SUPERVISOR,ID_DEPARTAMENTOS) values (180,'WinstonTaylor','WTAYLOR',to_date('24-JAN-06','DD-MON-RR'),3200,null,'650.507.9876','SH_CLERK',120,50);
Insert into HR.EMPREGADOS (ID_EMPREGADOS,NOME_EMPREGADO,EMAIL,DATA_CONTRATACAO,SALARIO,COMISSAO,TELEFONE,ID_CARGOS,ID_SUPERVISOR,ID_DEPARTAMENTOS) values (181,'JeanFleaur','JFLEAUR',to_date('23-FEB-06','DD-MON-RR'),3100,null,'650.507.9877','SH_CLERK',120,50);
Insert into HR.EMPREGADOS (ID_EMPREGADOS,NOME_EMPREGADO,EMAIL,DATA_CONTRATACAO,SALARIO,COMISSAO,TELEFONE,ID_CARGOS,ID_SUPERVISOR,ID_DEPARTAMENTOS) values (182,'MarthaSullivan','MSULLIVA',to_date('21-JUN-07','DD-MON-RR'),2500,null,'650.507.9878','SH_CLERK',120,50);
Insert into HR.EMPREGADOS (ID_EMPREGADOS,NOME_EMPREGADO,EMAIL,DATA_CONTRATACAO,SALARIO,COMISSAO,TELEFONE,ID_CARGOS,ID_SUPERVISOR,ID_DEPARTAMENTOS) values (183,'GirardGeoni','GGEONI',to_date('03-FEB-08','DD-MON-RR'),2800,null,'650.507.9879','SH_CLERK',120,50);
Insert into HR.EMPREGADOS (ID_EMPREGADOS,NOME_EMPREGADO,EMAIL,DATA_CONTRATACAO,SALARIO,COMISSAO,TELEFONE,ID_CARGOS,ID_SUPERVISOR,ID_DEPARTAMENTOS) values (184,'NanditaSarchand','NSARCHAN',to_date('27-JAN-04','DD-MON-RR'),4200,null,'650.509.1876','SH_CLERK',121,50);
Insert into HR.EMPREGADOS (ID_EMPREGADOS,NOME_EMPREGADO,EMAIL,DATA_CONTRATACAO,SALARIO,COMISSAO,TELEFONE,ID_CARGOS,ID_SUPERVISOR,ID_DEPARTAMENTOS) values (185,'AlexisBull','ABULL',to_date('20-FEB-05','DD-MON-RR'),4100,null,'650.509.2876','SH_CLERK',121,50);
Insert into HR.EMPREGADOS (ID_EMPREGADOS,NOME_EMPREGADO,EMAIL,DATA_CONTRATACAO,SALARIO,COMISSAO,TELEFONE,ID_CARGOS,ID_SUPERVISOR,ID_DEPARTAMENTOS) values (186,'JuliaDellinger','JDELLING',to_date('24-JUN-06','DD-MON-RR'),3400,null,'650.509.3876','SH_CLERK',121,50);
Insert into HR.EMPREGADOS (ID_EMPREGADOS,NOME_EMPREGADO,EMAIL,DATA_CONTRATACAO,SALARIO,COMISSAO,TELEFONE,ID_CARGOS,ID_SUPERVISOR,ID_DEPARTAMENTOS) values (187,'AnthonyCabrio','ACABRIO',to_date('07-FEB-07','DD-MON-RR'),3000,null,'650.509.4876','SH_CLERK',121,50);
Insert into HR.EMPREGADOS (ID_EMPREGADOS,NOME_EMPREGADO,EMAIL,DATA_CONTRATACAO,SALARIO,COMISSAO,TELEFONE,ID_CARGOS,ID_SUPERVISOR,ID_DEPARTAMENTOS) values (188,'KellyChung','KCHUNG',to_date('14-JUN-05','DD-MON-RR'),3800,null,'650.505.1876','SH_CLERK',122,50);
Insert into HR.EMPREGADOS (ID_EMPREGADOS,NOME_EMPREGADO,EMAIL,DATA_CONTRATACAO,SALARIO,COMISSAO,TELEFONE,ID_CARGOS,ID_SUPERVISOR,ID_DEPARTAMENTOS) values (189,'JenniferDilly','JDILLY',to_date('13-AUG-05','DD-MON-RR'),3600,null,'650.505.2876','SH_CLERK',122,50);
Insert into HR.EMPREGADOS (ID_EMPREGADOS,NOME_EMPREGADO,EMAIL,DATA_CONTRATACAO,SALARIO,COMISSAO,TELEFONE,ID_CARGOS,ID_SUPERVISOR,ID_DEPARTAMENTOS) values (190,'TimothyGates','TGATES',to_date('11-JUL-06','DD-MON-RR'),2900,null,'650.505.3876','SH_CLERK',122,50);
Insert into HR.EMPREGADOS (ID_EMPREGADOS,NOME_EMPREGADO,EMAIL,DATA_CONTRATACAO,SALARIO,COMISSAO,TELEFONE,ID_CARGOS,ID_SUPERVISOR,ID_DEPARTAMENTOS) values (191,'RandallPerkins','RPERKINS',to_date('19-DEC-07','DD-MON-RR'),2500,null,'650.505.4876','SH_CLERK',122,50);
Insert into HR.EMPREGADOS (ID_EMPREGADOS,NOME_EMPREGADO,EMAIL,DATA_CONTRATACAO,SALARIO,COMISSAO,TELEFONE,ID_CARGOS,ID_SUPERVISOR,ID_DEPARTAMENTOS) values (192,'SarahBell','SBELL',to_date('04-FEB-04','DD-MON-RR'),4000,null,'650.501.1876','SH_CLERK',123,50);
Insert into HR.EMPREGADOS (ID_EMPREGADOS,NOME_EMPREGADO,EMAIL,DATA_CONTRATACAO,SALARIO,COMISSAO,TELEFONE,ID_CARGOS,ID_SUPERVISOR,ID_DEPARTAMENTOS) values (193,'BritneyEverett','BEVERETT',to_date('03-MAR-05','DD-MON-RR'),3900,null,'650.501.2876','SH_CLERK',123,50);
Insert into HR.EMPREGADOS (ID_EMPREGADOS,NOME_EMPREGADO,EMAIL,DATA_CONTRATACAO,SALARIO,COMISSAO,TELEFONE,ID_CARGOS,ID_SUPERVISOR,ID_DEPARTAMENTOS) values (194,'SamuelMcCain','SMCCAIN',to_date('01-JUL-06','DD-MON-RR'),3200,null,'650.501.3876','SH_CLERK',123,50);
Insert into HR.EMPREGADOS (ID_EMPREGADOS,NOME_EMPREGADO,EMAIL,DATA_CONTRATACAO,SALARIO,COMISSAO,TELEFONE,ID_CARGOS,ID_SUPERVISOR,ID_DEPARTAMENTOS) values (195,'VanceJones','VJONES',to_date('17-MAR-07','DD-MON-RR'),2800,null,'650.501.4876','SH_CLERK',123,50);
Insert into HR.EMPREGADOS (ID_EMPREGADOS,NOME_EMPREGADO,EMAIL,DATA_CONTRATACAO,SALARIO,COMISSAO,TELEFONE,ID_CARGOS,ID_SUPERVISOR,ID_DEPARTAMENTOS) values (196,'AlanaWalsh','AWALSH',to_date('24-APR-06','DD-MON-RR'),3100,null,'650.507.9811','SH_CLERK',124,50);
Insert into HR.EMPREGADOS (ID_EMPREGADOS,NOME_EMPREGADO,EMAIL,DATA_CONTRATACAO,SALARIO,COMISSAO,TELEFONE,ID_CARGOS,ID_SUPERVISOR,ID_DEPARTAMENTOS) values (197,'KevinFeeney','KFEENEY',to_date('23-MAY-06','DD-MON-RR'),3000,null,'650.507.9822','SH_CLERK',124,50);
Insert into HR.EMPREGADOS (ID_EMPREGADOS,NOME_EMPREGADO,EMAIL,DATA_CONTRATACAO,SALARIO,COMISSAO,TELEFONE,ID_CARGOS,ID_SUPERVISOR,ID_DEPARTAMENTOS) values (198,'DonaldOConnell','DOCONNEL',to_date('21-JUN-07','DD-MON-RR'),2600,null,'650.507.9833','SH_CLERK',124,50);
Insert into HR.EMPREGADOS (ID_EMPREGADOS,NOME_EMPREGADO,EMAIL,DATA_CONTRATACAO,SALARIO,COMISSAO,TELEFONE,ID_CARGOS,ID_SUPERVISOR,ID_DEPARTAMENTOS) values (199,'DouglasGrant','DGRANT',to_date('13-JAN-08','DD-MON-RR'),2600,null,'650.507.9844','SH_CLERK',124,50);
Insert into HR.EMPREGADOS (ID_EMPREGADOS,NOME_EMPREGADO,EMAIL,DATA_CONTRATACAO,SALARIO,COMISSAO,TELEFONE,ID_CARGOS,ID_SUPERVISOR,ID_DEPARTAMENTOS) values (200,'JenniferWhalen','JWHALEN',to_date('17-SEP-03','DD-MON-RR'),4400,null,'515.123.4444','AD_ASST',101,10);
Insert into HR.EMPREGADOS (ID_EMPREGADOS,NOME_EMPREGADO,EMAIL,DATA_CONTRATACAO,SALARIO,COMISSAO,TELEFONE,ID_CARGOS,ID_SUPERVISOR,ID_DEPARTAMENTOS) values (201,'MichaelHartstein','MHARTSTE',to_date('17-FEB-04','DD-MON-RR'),13000,null,'515.123.5555','MK_MAN',100,20);
Insert into HR.EMPREGADOS (ID_EMPREGADOS,NOME_EMPREGADO,EMAIL,DATA_CONTRATACAO,SALARIO,COMISSAO,TELEFONE,ID_CARGOS,ID_SUPERVISOR,ID_DEPARTAMENTOS) values (202,'PatFay','PFAY',to_date('17-AUG-05','DD-MON-RR'),6000,null,'603.123.6666','MK_REP',201,20);
Insert into HR.EMPREGADOS (ID_EMPREGADOS,NOME_EMPREGADO,EMAIL,DATA_CONTRATACAO,SALARIO,COMISSAO,TELEFONE,ID_CARGOS,ID_SUPERVISOR,ID_DEPARTAMENTOS) values (203,'SusanMavris','SMAVRIS',to_date('07-JUN-02','DD-MON-RR'),6500,null,'515.123.7777','HR_REP',101,40);
Insert into HR.EMPREGADOS (ID_EMPREGADOS,NOME_EMPREGADO,EMAIL,DATA_CONTRATACAO,SALARIO,COMISSAO,TELEFONE,ID_CARGOS,ID_SUPERVISOR,ID_DEPARTAMENTOS) values (204,'HermannBaer','HBAER',to_date('07-JUN-02','DD-MON-RR'),10000,null,'515.123.8888','PR_REP',101,70);
Insert into HR.EMPREGADOS (ID_EMPREGADOS,NOME_EMPREGADO,EMAIL,DATA_CONTRATACAO,SALARIO,COMISSAO,TELEFONE,ID_CARGOS,ID_SUPERVISOR,ID_DEPARTAMENTOS) values (205,'ShelleyHiggins','SHIGGINS',to_date('07-JUN-02','DD-MON-RR'),12008,null,'515.123.8080','AC_MGR',101,110);
Insert into HR.EMPREGADOS (ID_EMPREGADOS,NOME_EMPREGADO,EMAIL,DATA_CONTRATACAO,SALARIO,COMISSAO,TELEFONE,ID_CARGOS,ID_SUPERVISOR,ID_DEPARTAMENTOS) values (206,'WilliamGietz','WGIETZ',to_date('07-JUN-02','DD-MON-RR'),8300,null,'515.123.8181','AC_ACCOUNT',205,110);

CREATE TABLE hr.historico_cargos (
                id_empregados INTEGER NOT NULL,
                data_inicial DATE NOT NULL,
                data_final DATE NOT NULL,
                id_departamentos INTEGER NOT NULL,
                CONSTRAINT id_historico_cargos PRIMARY KEY (id_empregados, data_inicial)
);
COMMENT ON COLUMN hr.historico_cargos.data_inicial IS 'Uma coluna não nula na chave primária complexa id_empregado+data_inicial.
Deve ser menor que a data_final da tabela historico_cargos.';
COMMENT ON COLUMN hr.historico_cargos.data_final IS 'ultimo dia do funcionário nesta função. Uma coluna não nula. Deve ser
maior que a data_inicial';

Insert into HR.HISTORICO_CARGOS (ID_EMPREGADO,DATA_INICIO,DATA_FINAL,ID_DEPARTAMENTO) values (102,to_date('13-JAN-01','DD-MON-RR'),to_date('24-JUL-06','DD-MON-RR'),60);
Insert into HR.HISTORICO_CARGOS (ID_EMPREGADO,DATA_INICIO,DATA_FINAL,ID_DEPARTAMENTO) values (101,to_date('21-SEP-97','DD-MON-RR'),to_date('27-OCT-01','DD-MON-RR'),110);
Insert into HR.HISTORICO_CARGOS (ID_EMPREGADO,DATA_INICIO,DATA_FINAL,ID_DEPARTAMENTO) values (101,to_date('28-OCT-01','DD-MON-RR'),to_date('15-MAR-05','DD-MON-RR'),110);
Insert into HR.HISTORICO_CARGOS (ID_EMPREGADO,DATA_INICIO,DATA_FINAL,ID_DEPARTAMENTO) values (201,to_date('17-FEB-04','DD-MON-RR'),to_date('19-DEC-07','DD-MON-RR'),20);
Insert into HR.HISTORICO_CARGOS (ID_EMPREGADO,DATA_INICIO,DATA_FINAL,ID_DEPARTAMENTO) values (114,to_date('24-MAR-06','DD-MON-RR'),to_date('31-DEC-07','DD-MON-RR'),50);
Insert into HR.HISTORICO_CARGOS (ID_EMPREGADO,DATA_INICIO,DATA_FINAL,ID_DEPARTAMENTO) values (122,to_date('01-JAN-07','DD-MON-RR'),to_date('31-DEC-07','DD-MON-RR'),50);
Insert into HR.HISTORICO_CARGOS (ID_EMPREGADO,DATA_INICIO,DATA_FINAL,ID_DEPARTAMENTO) values (200,to_date('17-SEP-95','DD-MON-RR'),to_date('17-JUN-01','DD-MON-RR'),90);
Insert into HR.HISTORICO_CARGOS (ID_EMPREGADO,DATA_INICIO,DATA_FINAL,ID_DEPARTAMENTO) values (176,to_date('24-MAR-06','DD-MON-RR'),to_date('31-DEC-06','DD-MON-RR'),80);
Insert into HR.HISTORICO_CARGOS (ID_EMPREGADO,DATA_INICIO,DATA_FINAL,ID_DEPARTAMENTO) values (176,to_date('01-JAN-07','DD-MON-RR'),to_date('31-DEC-07','DD-MON-RR'),80);
Insert into HR.HISTORICO_CARGOS (ID_EMPREGADO,DATA_INICIO,DATA_FINAL,ID_DEPARTAMENTO) values (200,to_date('01-JUL-02','DD-MON-RR'),to_date('31-DEC-06','DD-MON-RR'),90);



ALTER TABLE hr.empregados ADD CONSTRAINT cargos_empregados_fk
FOREIGN KEY (id_cargos)
REFERENCES hr.cargos (id_cargos)
ON DELETE NO ACTION
ON UPDATE NO ACTION
NOT DEFERRABLE;

ALTER TABLE hr.paises ADD CONSTRAINT regios_paises_fk
FOREIGN KEY (id_regiao)
REFERENCES hr.regios (id_regiao)
ON DELETE NO ACTION
ON UPDATE NO ACTION
NOT DEFERRABLE;

ALTER TABLE hr.localizacao ADD CONSTRAINT paises_localizacao_fk
FOREIGN KEY (id_pais)
REFERENCES hr.paises (id_pais)
ON DELETE NO ACTION
ON UPDATE NO ACTION
NOT DEFERRABLE;

ALTER TABLE hr.departamentos ADD CONSTRAINT localizacao_departamentos_fk
FOREIGN KEY (id_localizacao)
REFERENCES hr.localizacao (id_localizacao)
ON DELETE NO ACTION
ON UPDATE NO ACTION
NOT DEFERRABLE;

ALTER TABLE hr.historico_cargos ADD CONSTRAINT departamentos_historico_cargos_fk
FOREIGN KEY (id_departamentos)
REFERENCES hr.departamentos (id_departamentos)
ON DELETE NO ACTION
ON UPDATE NO ACTION
NOT DEFERRABLE;

ALTER TABLE hr.empregados ADD CONSTRAINT departamentos_empregados_fk
FOREIGN KEY (id_departamentos)
REFERENCES hr.departamentos (id_departamentos)
ON DELETE NO ACTION
ON UPDATE NO ACTION
NOT DEFERRABLE;

ALTER TABLE hr.historico_cargos ADD CONSTRAINT empregados_historico_cargos_fk
FOREIGN KEY (id_empregados)
REFERENCES hr.empregados (id_empregados)
ON DELETE NO ACTION
ON UPDATE NO ACTION
NOT DEFERRABLE;

ALTER TABLE hr.empregados ADD CONSTRAINT empregados_empregados_fk
FOREIGN KEY (id_supervisor)
REFERENCES hr.empregados (id_empregados)
ON DELETE NO ACTION
ON UPDATE NO ACTION
NOT DEFERRABLE;

ALTER TABLE hr.departamentos ADD CONSTRAINT empregados_departamentos_fk
FOREIGN KEY (id_surpevisor)
REFERENCES hr.empregados (id_empregados)
ON DELETE NO ACTION
ON UPDATE NO ACTION
NOT DEFERRABLE;